column,unique_count,value,count
HastaNo,404,145267,27
HastaNo,404,145307,26
HastaNo,404,145343,20
HastaNo,404,145453,18
HastaNo,404,145201,17
HastaNo,404,145231,15
HastaNo,404,145391,14
HastaNo,404,145317,14
HastaNo,404,145481,13
HastaNo,404,145257,12
HastaNo,404,145137,12
HastaNo,404,145199,12
HastaNo,404,145309,11
HastaNo,404,145157,11
HastaNo,404,145427,11
HastaNo,404,145369,10
HastaNo,404,145465,10
HastaNo,404,145400,10
HastaNo,404,145270,10
HastaNo,404,145460,10
Yas,75,48,118
Yas,75,40,94
Yas,75,44,83
Yas,75,37,79
Yas,75,43,76
Yas,75,38,74
Yas,75,42,73
Yas,75,55,72
Yas,75,47,60
Yas,75,39,60
Yas,75,45,59
Yas,75,53,59
Yas,75,51,59
Yas,75,59,58
Yas,75,54,54
Yas,75,35,52
Yas,75,41,49
Yas,75,49,47
Yas,75,50,46
Yas,75,46,46
Cinsiyet,3,Kadın,1274
Cinsiyet,3,Erkek,792
Cinsiyet,3,,169
KanGrubu,9,,675
KanGrubu,9,0 Rh+,579
KanGrubu,9,A Rh+,540
KanGrubu,9,B Rh+,206
KanGrubu,9,AB Rh+,80
KanGrubu,9,B Rh-,68
KanGrubu,9,A Rh-,53
KanGrubu,9,0 Rh-,26
KanGrubu,9,AB Rh-,8
Uyruk,5,Türkiye,2173
Uyruk,5,Tokelau,27
Uyruk,5,Arnavutluk,13
Uyruk,5,Azerbaycan,12
Uyruk,5,Libya,10
KronikHastalik,221,,611
KronikHastalik,221,Myastenia gravis,38
KronikHastalik,221,Aritmi,36
KronikHastalik,221,Fascioscapulohumeral Distrofi,36
KronikHastalik,221,"Limb-Girdle Musküler Distrofi, Astım",34
KronikHastalik,221,Hipertiroidizm,34
KronikHastalik,221,Kalp yetmezliği,33
KronikHastalik,221,Hipertansiyon,31
KronikHastalik,221,Astım,30
KronikHastalik,221,Becker Musküler Distrofisi,29
KronikHastalik,221,Limb-Girdle Musküler Distrofi,28
KronikHastalik,221,"Limb-Girdle Musküler Distrofi, Kalp yetmezliği, Astım, Polimiyozit",27
KronikHastalik,221,"Limb-Girdle Musküler Distrofi, Fascioscapulohumeral Distrofi",26
KronikHastalik,221,Diyabet,25
KronikHastalik,221,Hiportiroidizm,23
KronikHastalik,221,"Hipertiroidizm, Aritmi",22
KronikHastalik,221,"Hiportiroidizm, Astım, Aritmi, Diyabet",20
KronikHastalik,221,"Hiportiroidizm, Limb-Girdle Musküler Distrofi, Polimiyozit, Hipertansiyon",18
KronikHastalik,221,Duchenne Musküler Distrofisi,17
KronikHastalik,221,"Limb-Girdle Musküler Distrofi, Hipertiroidizm",15
Bolum,11,"Fiziksel Tıp Ve Rehabilitasyon,Solunum Merkezi",2045
Bolum,11,Ortopedi Ve Travmatoloji,88
Bolum,11,İç Hastalıkları,32
Bolum,11,Nöroloji,17
Bolum,11,Kardiyoloji,11
Bolum,11,,11
Bolum,11,Göğüs Hastalıkları,8
Bolum,11,Laboratuar,7
Bolum,11,Genel Cerrahi,6
Bolum,11,Tıbbi Onkoloji,6
Bolum,11,Kalp Ve Damar Cerrahisi,4
Alerji,39,,944
Alerji,39,Polen,198
Alerji,39,POLEN,134
Alerji,39,Toz,119
Alerji,39,"ARVELES,CORASPIN",102
Alerji,39,Sucuk,91
Alerji,39,NOVALGIN,90
Alerji,39,"Polen,Yer Fıstığı",83
Alerji,39,TOZ,74
Alerji,39,SUCUK,73
Alerji,39,Novalgin,49
Alerji,39,GRİPİN,47
Alerji,39,Volteren,30
Alerji,39,Voltaren,26
Alerji,39,GRIPIN,22
Alerji,39,VOLTAREN,19
Alerji,39,"POLEN,TOZ",13
Alerji,39,"VOLTAREN,Polen",11
Alerji,39,"Toz,TOZ",9
Alerji,39,"TOZ,Novalgin",7
Tanilar,368,"DORSALJİ, DİĞER, LUMBOSAKRAL BÖLGE",149
Tanilar,368,Omuzun darbe sendromu,128
Tanilar,368,"İntervertebral disk bozuklukları, tanımlanmamış",116
Tanilar,368,"DORSALJİ, DİĞER, SERVİKOTORASİK BÖLGE",96
Tanilar,368,,75
Tanilar,368,Eklem ağrısı,51
Tanilar,368,"DORSALJİ, DİĞER, SERVİKAL BÖLGE",49
Tanilar,368,Radikülopati,37
Tanilar,368,"Dorsalji, tanımlanmamış",32
Tanilar,368,"Menisküs yırtığı, şimdiki",30
Tanilar,368,Ortopedik eklem implantı,29
Tanilar,368,Aşil tendon yaralanması,22
Tanilar,368,"Omuzun darbe sendromu,DORSALJİ, DİĞER, SERVİKAL BÖLGE",22
Tanilar,368,Gonartroz [diz ekleminin artrozu],21
Tanilar,368,Eklemin kontraktürü,20
Tanilar,368,Boyun ağrısı,18
Tanilar,368,"Ekstremite ağrısı, bacak,Spondilolistezis,Omuzun darbe sendromu,DORSALJİ, DİĞER, SERVİKOTORASİK BÖLGE",16
Tanilar,368,"DORSALJİ, DİĞER, SERVİKOTORASİK BÖLGE,DORSALJİ, DİĞER, LUMBOSAKRAL BÖLGE",15
Tanilar,368,"İntervertebral disk bozuklukları, diğer",14
Tanilar,368,"Fibromiyalji, birden fazla yer",14
TedaviAdi,244,Dorsalji -Boyun+trapez,231
TedaviAdi,244,İV DİSK BOZUKLUĞU-BEL,200
TedaviAdi,244,Dorsalji 1,140
TedaviAdi,244,Dorsalji-Bel,120
TedaviAdi,244,Gonartroz-Meniskopati,95
TedaviAdi,244,SAĞ OMUZ İMPİNGEMENT,70
TedaviAdi,244,Boyun-Trapezz,60
TedaviAdi,244,Dorsalji-Dorsal,56
TedaviAdi,244,Sol omuz İmpingement,50
TedaviAdi,244,Alt ekstremite atrofi-Bilateral,37
TedaviAdi,244,Dorsalji Boyun 1,35
TedaviAdi,244,Sol Omuz İmpingement,30
TedaviAdi,244,Sol Omuz impingement,25
TedaviAdi,244,impingement sağ,22
TedaviAdi,244,Sol diz implantı reh,20
TedaviAdi,244,MENİSKÜS TAMİRİ ,20
TedaviAdi,244,İV DİSK BOZUKLUĞU-BEL-2,18
TedaviAdi,244,Skolyoz,16
TedaviAdi,244,Patella kırığı,15
TedaviAdi,244,Bel FTR,15
TedaviSuresi,23,15 Seans,1670
TedaviSuresi,23,10 Seans,175
TedaviSuresi,23,20 Seans,113
TedaviSuresi,23,2 Seans,45
TedaviSuresi,23,17 Seans,36
TedaviSuresi,23,4 Seans,35
TedaviSuresi,23,16 Seans,27
TedaviSuresi,23,21 Seans,20
TedaviSuresi,23,18 Seans,20
TedaviSuresi,23,5 Seans,17
TedaviSuresi,23,30 Seans,12
TedaviSuresi,23,19 Seans,10
TedaviSuresi,23,11 Seans,9
TedaviSuresi,23,3 Seans,7
TedaviSuresi,23,8 Seans,6
TedaviSuresi,23,7 Seans,5
TedaviSuresi,23,29 Seans,5
TedaviSuresi,23,25 Seans,5
TedaviSuresi,23,22 Seans,5
TedaviSuresi,23,37 Seans,5
UygulamaYerleri,38,Bel,528
UygulamaYerleri,38,Boyun,363
UygulamaYerleri,38,,221
UygulamaYerleri,38,Diz,177
UygulamaYerleri,38,Sol Omuz Bölgesi,137
UygulamaYerleri,38,Sağ Omuz Bölgesi,127
UygulamaYerleri,38,Sol El Bilek Bölgesi,83
UygulamaYerleri,38,Sırt,75
UygulamaYerleri,38,Sağ Ayak Bileği Bölgesi,61
UygulamaYerleri,38,Tüm Vücut Bölgesi,58
UygulamaYerleri,38,Sol Ayak Bileği Bölgesi,58
UygulamaYerleri,38,Sol Diz Bölgesi,49
UygulamaYerleri,38,Sağ El Bilek Bölgesi,47
UygulamaYerleri,38,Sol Kalça Bölgesi,30
UygulamaYerleri,38,Sağ Diz Bölgesi,29
UygulamaYerleri,38,Sağ Kalça Bölgesi,29
UygulamaYerleri,38,Kalça,28
UygulamaYerleri,38,"Sağ Kalça Bölgesi,Sol Kalça Bölgesi",17
UygulamaYerleri,38,Dirsek,14
UygulamaYerleri,38,Yüz,13
UygulamaSuresi,10,20 Dakika,1535
UygulamaSuresi,10,5 Dakika,360
UygulamaSuresi,10,10 Dakika,221
UygulamaSuresi,10,15 Dakika,89
UygulamaSuresi,10,30 Dakika,11
UygulamaSuresi,10,45 Dakika,10
UygulamaSuresi,10,25 Dakika,5
UygulamaSuresi,10,40 Dakika,2
UygulamaSuresi,10,3 Dakika,1
UygulamaSuresi,10,8 Dakika,1
