,0
dorsalji,802
diger,775
tanimlanmamis,425
omuzun darbe sendromu,274
intervertebral disk bozukluklari,269
lumbosakral bolge,266
servikotorasik bolge,213
servikal bolge,150
eklem agrisi,116
birden fazla yer,75
fibromiyalji,70
simdiki,63
meniskus yirtigi,62
ekstremite agrisi,61
gonartroz diz ekleminin artrozu,54
lateral epikondilit,54
radikulopati,52
boyun agrisi,50
bacak,47
pelvik bolge ve kalca,45
kondromalazia patella,45
spinal stenoz,40
eklemde agri,37
servikal disk bozukluklari,30
torasik bolge,30
eklemin kontrakturu,29
ortopedik eklem implanti,29
kalkaneal spur,28
koksartroz kalca artrozu,28
kapali,27
el bilegi ve el duzeyinde bas parmak ekstansor kas ve tendonunun yaralanmasi,26
spondilolistezis,26
el,26
vitamin d eksikligi,25
vertebrada,25
asil tendon yaralanmasi,25
algonorodistrofi,23
medial epikondilit,21
diz anterior posterior capraz ligament burkulma ve gerilmesi,21
patellanin diger yerlesim bozukluklari,20
trokanterik bursit,20
kas zorlanmasi muscular strain,18
bel agrisi,17
bilateral,16
omuzun adezif kapsuliti,16
serebrovaskuler hastaliklar,15
noralji ve norit,15
baska yerde siniflanmamis,14
metakarpal kemiklerin birden fazla kiriklari,14
metakarpal kemik diger kirigi,14
el bilegi ve el duzeyinde kas ve tendon yaralanmasi,14
parmak diger kirigi,13
medial meniskusun posterior boynuzunun diger yerlesim bozukluklari,13
sinovit ve tenosinovit,12
burkulma ve gerilmesi,12
kisa asil tendonu kazanilmis,11
spastik hemipleji,11
diger sendromlari,11
humerus ust uc kirigi,11
bas agrisi,11
ayak bilegi ve ayak duzeyinde eklem ve ligamentlerin cikik,11
sakral ve sakrokoksigeal bolge,10
iliotibial band sendromu,10
rotator kuf sendromu,10
plantar fasial fibromatozis,10
metatarsalji,10
meralgia paraestetika,10
lateral malleol kirigi,10
bisipital tendinit,10
esansiyel primer hipertansiyon,10
kalp yetmezligi,9
serebrovaskuler hastaliklar diger,9
tanimlanmis,9
sekonder koksartroz,9
primer gonartroz,9
atrial fibrilasyon ve flutter,9
alt ekstremite mononoropatileri,9
multipl skleroz,8
pnomoni,8
baska yerde siniflanmis hastaliklarda,8
asil tendiniti,8
parmagin fleksor kas ve tendonunun diger yaralanmasi,8
peritoneal apse ile,7
diyabetes mellitus,7
genel tibbi muayene,7
artroz,7
mononoropatiler,7
akut apandisit,7
el bilegi ve el duzeyinde eklem ve ligamentlerin cikik,7
kronik iskemik kalp hastaligi,7
mitral kapak yetmezligi,7
deliryum,7
femurun longitudinal reduksiyon defekti,7
parkinson hastaligi,7
dispne,6
birinci karpometakarpal eklemin artrozu,6
yeri tanimlanmamis,6
meme malign neoplazmi,6
omuz bolgesi,6
juvenil ve adolesan idiopatik skolyoz,6
eklem kontrakturu,6
myelopati ile g99 2,6
parmak lar in deformitesi,6
meniskuslerin yerlesim bozuklugu,6
eski yirtik veya yaralanmaya bagli,6
temporomandibuler eklem bozukluklari,6
aterosklerotik kardiyovaskuler hastalik,6
medial malleol kirigi,5
hemartroz,5
kondrokostal kavsak sendromu tietze,5
ayak bilegi ve ayak duzeyinde kas ve tendon yaralanmasi,5
karpal tunel sendromu,5
popliteal boslugun sinovial kisti baker,5
kalsifik tendinit,5
sternoklavikuler eklem burkulma ve gerilmesi,5
omuzun kalsifik tendiniti,5
sakroiliit,5
spondiloz,5
kas bozukluklari,5
sinovya ve tendonun diger bozukluklari,5
olekranon bursiti,5
baldir duzeyinde peroneal sinir yaralanmasi,5
ayak bilegi ve ayagin diger ve tanimlanmamis yaralanmalari,5
ayak bilegi ve ayak,5
osteoporoz,5
diger radikulopati ile,5
tek basina fibula kirigi,5
dizin ic bozuklugu,5
artikuler kikirdak diger bozukluklari,5
patellofemoral bozukluklar,5
kramp ve spazm,5
ayak bilegi haric,5
astim,5
allerjik rinit,5
ayak kirigi,5
tanimlanmamis organizmalar,5
lenfodem,5
patolojik kiriksiz,5
dizin diger bursiti,5
dusme,5
el bilegi ve el duzeyinde bas parmak intirinsik kas ve tendonunun yaralanmasi,5
kol,5
saf hiperkolesterolemi,5
diger tanimlanmis,4
radius ust ucu kirigi,4
demans uzerine eklenen,4
bobrek yetmezlikleri,4
konjestif kalp yetmezligi,4
bell palsisi,4
ayak bilegi ve ayak duzeyinde derin peroneal sinir yaralanmasi,4
mitral ve trikuspid kapak bozukluklari,4
kasin diger rupturu travmatik olmayan,4
fekal inkontinans,4
dirsek cikigi,4
radikulopati ile,4
dirsek eklem ve ligamentlerinin cikik,4
tetik parmak,4
parapleji,4
miyopatiler,4
ganglion,4
skolyoz,4
spastik serebral palsi,4
humerus alt uc kirigi,4
lumbar ve diger intervertebral disk bozukluklari,4
tendonun kilif diger kontrakturu,4
fobik anksiyete bozuklugu,3
dermatofitoz,3
vitaminlerin eksikligi,3
safra tasi,3
karin agrisi diger ve tanimlanmamis,3
yer tanimlanmamis,3
tanimlanmis virus,3
covid 19,3
kifoz ve lordoz,3
anksiyete bozuklugu,3
serebrovaskuler hastalik,3
hematuri,3
benign prostat hiperplazisi,3
kasin diger bozukluklari,3
ayak ve ayak bilegi,3
subaraknoid hemoraji,3
kolanjit veya kolesistit olmadan,3
tanimlanmamis bolgelerin,3
viral enfeksiyonlar,3
koksartroz,3
epilepsi,3
hemoraji veya perforasyon yok,3
akut peptik ulser,3
safra yolu tasi,3
uriner sistem enfeksiyonu,3
magnezyum eksikligi,3
karaciger nakli,3
baska yerde siniflanmis diger hastaliklarda,3
solunum bozukluklari,3
inme,3
hemoraji veya enfarktus olarak tanimlanmamis,3
femur saft kirigi,3
hipotroidizm,3
beyincik malign neoplazmi,3
intrehepatik safra yolu karsinomu,3
solunum yetmezligi,3
brons ve akciger malign neoplazmi,3
kronik obstruktif akciger hastaligi,3
kalp pili ayar ve kullanimi,3
postural kifoz,3
kronik bobrek yetmezligi,3
demans uzerine eklenmeyen,3
tanimlanmamis komplikasyonlarla birlikte,3
parapleji ve tetrapleji,3
stres kirigi,2
pertrokanterik kirik,2
patellanin rekurren subluksasyonu,2
uriner inkontinans,2
aort stenozu,2
femur kirigi,2
diger yumusak doku bozukluklari,2
eklem diger bozukluklari,2
tibia ust uc kirigi,2
femur diger kisimlarinin kiriklari,2
burkulma,2
lomber omurga ve pelvis kirigi,2
di ger,2
burun kemiklerinin kirigi,2
omuz ve ust kol kirigi,2
omuz lezyonlari,2
lomber vertebra ve pelvis eklem ve ligamentlerinin cikik,2
halluks valgus kazanilmis,2
meniskus yirti gi,1
el bilegi ve el duzeyinde eklem ve ligame ntlerin cikik,1
pelv ik bolge ve kalca,1
lateral mall eol kirigi,1
mesanenin noromuskuler disfonksiyonu,1
servikal b olge,1
servikoto rasik bolge,1
servikal disk bozukluklar i,1
serv ikotorasik bolge,1
intervertebra l disk bozukluklari,1
eklemin diger instabilitesi,1
i ntervertebral disk bozukluklari,1
isemede diger zorluklar,1
dige r,1
koksartro z,1
mesanenin diger bozukluklari,1
uriner sistemin diger bozukluklari,1
akromiyoklavikuler eklem burkulma ve gerilmesi,1
anus ve rektumun diger tanimlanmis hastaliklari,1
omuz rotator cuff tendon yaralanmasi,1
biseps diger kisimlarinin kas ve tendon yaralanmasi,1
el bilegi ve el duzeyinde bas parmak ekstansor kas ve tendonunun yaralanmas i,1
interverteb ral disk bozukluklari,1
ayak bilegi ve ayagin yuzeysel yaralanmasi,1
